timestamp,displ
2022-01-01 00:00:00 UTC,1.710770394
2022-01-01 01:00:00 UTC,1.583514077
2022-01-01 02:00:00 UTC,0.547375624
2022-01-01 03:00:00 UTC,1.234122966
2022-01-01 04:00:00 UTC,0.952158206
2022-01-01 05:00:00 UTC,1.725536582
2022-01-01 06:00:00 UTC,1.33203308
2022-01-01 07:00:00 UTC,1.165084315
2022-01-01 08:00:00 UTC,0.253330122
2022-01-01 09:00:00 UTC,1.374932507
2022-01-01 10:00:00 UTC,0.59414488
2022-01-01 11:00:00 UTC,2.017731724
2022-01-01 12:00:00 UTC,1.571573095
2022-01-01 13:00:00 UTC,0.554866046
2022-01-01 14:00:00 UTC,0.763528036
2022-01-01 15:00:00 UTC,1.270577609
2022-01-01 16:00:00 UTC,0.557998441
2022-01-01 17:00:00 UTC,0.456276832
2022-01-01 18:00:00 UTC,1.243286839
2022-01-01 19:00:00 UTC,2.04189021
2022-01-01 20:00:00 UTC,1.782488228
2022-01-01 21:00:00 UTC,1.767366758
2022-01-01 22:00:00 UTC,0.703230461
2022-01-01 23:00:00 UTC,1.75162014
2022-01-02 00:00:00 UTC,1.306840567
2022-01-02 01:00:00 UTC,1.142050711
2022-01-02 02:00:00 UTC,1.689878718
2022-01-02 03:00:00 UTC,2.391267457
2022-01-02 04:00:00 UTC,1.617125217
2022-01-02 05:00:00 UTC,1.164415908
2022-01-02 06:00:00 UTC,2.091324758
2022-01-02 07:00:00 UTC,1.820639206
2022-01-02 08:00:00 UTC,1.370045917
2022-01-02 09:00:00 UTC,1.271758887
2022-01-02 10:00:00 UTC,0.860994189
2022-01-02 11:00:00 UTC,2.33448123
2022-01-02 12:00:00 UTC,0.914531682
2022-01-02 13:00:00 UTC,1.138093559
2022-01-02 14:00:00 UTC,0.873393223
2022-01-02 15:00:00 UTC,2.484942626
2022-01-02 16:00:00 UTC,1.999302481
2022-01-02 17:00:00 UTC,2.572809027
2022-01-02 18:00:00 UTC,2.319243008
2022-01-02 19:00:00 UTC,2.619604596
2022-01-02 20:00:00 UTC,1.759249813
2022-01-02 21:00:00 UTC,2.594931863
2022-01-02 22:00:00 UTC,1.057933276
2022-01-02 23:00:00 UTC,1.768699133
2022-01-03 00:00:00 UTC,1.527993447
2022-01-03 01:00:00 UTC,1.812122983
2022-01-03 02:00:00 UTC,1.170374631
2022-01-03 03:00:00 UTC,1.81800034
2022-01-03 04:00:00 UTC,2.713155362
2022-01-03 05:00:00 UTC,2.321578596
2022-01-03 06:00:00 UTC,2.134545211
2022-01-03 07:00:00 UTC,2.631887405
2022-01-03 08:00:00 UTC,1.537579736
2022-01-03 09:00:00 UTC,2.687946743
2022-01-03 10:00:00 UTC,1.603942283
2022-01-03 11:00:00 UTC,2.221825059
2022-01-03 12:00:00 UTC,1.297669692
2022-01-03 13:00:00 UTC,2.546630111
2022-01-03 14:00:00 UTC,2.585213629
2022-01-03 15:00:00 UTC,3.094046071
2022-01-03 16:00:00 UTC,1.669184052
2022-01-03 17:00:00 UTC,1.934350298
2022-01-03 18:00:00 UTC,2.455253405
2022-01-03 19:00:00 UTC,2.373092807
2022-01-03 20:00:00 UTC,1.479428892
2022-01-03 21:00:00 UTC,2.348225851
2022-01-03 22:00:00 UTC,2.412918991
2022-01-03 23:00:00 UTC,2.193664931
2022-01-04 00:00:00 UTC,2.755404574
2022-01-04 01:00:00 UTC,2.707317814
2022-01-04 02:00:00 UTC,1.632794066
2022-01-04 03:00:00 UTC,2.501570177
2022-01-04 04:00:00 UTC,2.802108694
2022-01-04 05:00:00 UTC,2.556283189
2022-01-04 06:00:00 UTC,1.654425491
2022-01-04 07:00:00 UTC,3.401421584
2022-01-04 08:00:00 UTC,3.16093112
2022-01-04 09:00:00 UTC,3.452011611
2022-01-04 10:00:00 UTC,3.247167258
2022-01-04 11:00:00 UTC,2.598018789
2022-01-04 12:00:00 UTC,2.551754119
2022-01-04 13:00:00 UTC,2.986487574
2022-01-04 14:00:00 UTC,2.644162117
2022-01-04 15:00:00 UTC,2.653971441
2022-01-04 16:00:00 UTC,1.910555535
2022-01-04 17:00:00 UTC,2.871369241
2022-01-04 18:00:00 UTC,3.616984523
2022-01-04 19:00:00 UTC,3.319138969
2022-01-04 20:00:00 UTC,3.005267036
2022-01-04 21:00:00 UTC,3.437495425
2022-01-04 22:00:00 UTC,2.6397171
2022-01-04 23:00:00 UTC,2.172028576
2022-01-05 00:00:00 UTC,3.7291426
2022-01-05 01:00:00 UTC,2.760731253
2022-01-05 02:00:00 UTC,3.345962395
2022-01-05 03:00:00 UTC,2.099791789
2022-01-05 04:00:00 UTC,3.717750473
2022-01-05 05:00:00 UTC,2.236441201
2022-01-05 06:00:00 UTC,3.427473393
2022-01-05 07:00:00 UTC,3.242761485
2022-01-05 08:00:00 UTC,2.22565429
2022-01-05 09:00:00 UTC,3.284593751
2022-01-05 10:00:00 UTC,3.067367507
2022-01-05 11:00:00 UTC,3.502225416
2022-01-05 12:00:00 UTC,3.060475629
2022-01-05 13:00:00 UTC,3.10832554
2022-01-05 14:00:00 UTC,2.626484089
2022-01-05 15:00:00 UTC,2.468567243
2022-01-05 16:00:00 UTC,2.509331101
2022-01-05 17:00:00 UTC,3.817205086
2022-01-05 18:00:00 UTC,2.482112996
2022-01-05 19:00:00 UTC,3.580168345
2022-01-05 20:00:00 UTC,3.871085402
2022-01-05 21:00:00 UTC,3.439341803
2022-01-05 22:00:00 UTC,3.003096777
2022-01-05 23:00:00 UTC,3.893724334
2022-01-06 00:00:00 UTC,4.074010284
2022-01-06 01:00:00 UTC,3.561567066
2022-01-06 02:00:00 UTC,2.936436596
2022-01-06 03:00:00 UTC,4.094895605
2022-01-06 04:00:00 UTC,3.078439174
2022-01-06 05:00:00 UTC,3.233363464
2022-01-06 06:00:00 UTC,2.853276336
2022-01-06 07:00:00 UTC,3.958434199
2022-01-06 08:00:00 UTC,3.538081571
2022-01-06 09:00:00 UTC,3.013564764
2022-01-06 10:00:00 UTC,3.078403336
2022-01-06 11:00:00 UTC,3.745544737
2022-01-06 12:00:00 UTC,4.358833458
2022-01-06 13:00:00 UTC,4.207069512
2022-01-06 14:00:00 UTC,3.69171954
2022-01-06 15:00:00 UTC,3.248269729
2022-01-06 16:00:00 UTC,3.145236576
2022-01-06 17:00:00 UTC,4.082522565
2022-01-06 18:00:00 UTC,4.468696992
2022-01-06 19:00:00 UTC,3.860202213
2022-01-06 20:00:00 UTC,4.017384611
2022-01-06 21:00:00 UTC,4.047925728
2022-01-06 22:00:00 UTC,4.644151032
2022-01-06 23:00:00 UTC,3.671465031
2022-01-07 00:00:00 UTC,4.258457232
2022-01-07 01:00:00 UTC,3.945189238
2022-01-07 02:00:00 UTC,4.508573589
2022-01-07 03:00:00 UTC,3.321903065
2022-01-07 04:00:00 UTC,3.801807893
2022-01-07 05:00:00 UTC,4.852830339
2022-01-07 06:00:00 UTC,3.191687036
2022-01-07 07:00:00 UTC,4.963714974
2022-01-07 08:00:00 UTC,3.913715989
2022-01-07 09:00:00 UTC,3.863513784
2022-01-07 10:00:00 UTC,4.073832731
2022-01-07 11:00:00 UTC,3.299983194
2022-01-07 12:00:00 UTC,3.958460063
2022-01-07 13:00:00 UTC,3.71156706
2022-01-07 14:00:00 UTC,3.814946435
2022-01-07 15:00:00 UTC,4.587536845
2022-01-07 16:00:00 UTC,4.754796075
2022-01-07 17:00:00 UTC,4.884430554
2022-01-07 18:00:00 UTC,4.936776751
2022-01-07 19:00:00 UTC,4.888293925
2022-01-07 20:00:00 UTC,5.245993297
2022-01-07 21:00:00 UTC,3.938346517
2022-01-07 22:00:00 UTC,3.620863153
2022-01-07 23:00:00 UTC,3.923750764
2022-01-08 00:00:00 UTC,4.595830163
2022-01-08 01:00:00 UTC,4.090806135
2022-01-08 02:00:00 UTC,3.782010246
2022-01-08 03:00:00 UTC,5.265999567
2022-01-08 04:00:00 UTC,4.539540581
2022-01-08 05:00:00 UTC,4.260926881
2022-01-08 06:00:00 UTC,3.92241126
2022-01-08 07:00:00 UTC,3.931715407
2022-01-08 08:00:00 UTC,4.403155385
2022-01-08 09:00:00 UTC,5.025321929
2022-01-08 10:00:00 UTC,4.636976092
2022-01-08 11:00:00 UTC,5.569700859
2022-01-08 12:00:00 UTC,4.536043565
2022-01-08 13:00:00 UTC,5.671919481
2022-01-08 14:00:00 UTC,4.825467494
2022-01-08 15:00:00 UTC,5.50506185
2022-01-08 16:00:00 UTC,4.209373233
2022-01-08 17:00:00 UTC,4.888401275
2022-01-08 18:00:00 UTC,4.111663371
2022-01-08 19:00:00 UTC,5.230736772
2022-01-08 20:00:00 UTC,4.494745191
2022-01-08 21:00:00 UTC,4.510236499
2022-01-08 22:00:00 UTC,4.754311252
2022-01-08 23:00:00 UTC,4.666359901
2022-01-09 00:00:00 UTC,5.898128327
2022-01-09 01:00:00 UTC,4.680824835
2022-01-09 02:00:00 UTC,5.480434766
2022-01-09 03:00:00 UTC,5.911423935
2022-01-09 04:00:00 UTC,5.250192392
2022-01-09 05:00:00 UTC,4.595079951
2022-01-09 06:00:00 UTC,6.078621895
2022-01-09 07:00:00 UTC,5.068501899
2022-01-09 08:00:00 UTC,4.837869726
2022-01-09 09:00:00 UTC,5.605154843
2022-01-09 10:00:00 UTC,5.105767074
2022-01-09 11:00:00 UTC,5.987620848
2022-01-09 12:00:00 UTC,5.006941248
2022-01-09 13:00:00 UTC,6.057696503
2022-01-09 14:00:00 UTC,4.916218396
2022-01-09 15:00:00 UTC,5.790459319
2022-01-09 16:00:00 UTC,5.219912235
2022-01-09 17:00:00 UTC,5.106050723
2022-01-09 18:00:00 UTC,6.162917906
2022-01-09 19:00:00 UTC,5.213631737
2022-01-09 20:00:00 UTC,5.234061003
2022-01-09 21:00:00 UTC,6.221468381
2022-01-09 22:00:00 UTC,5.247396725
2022-01-09 23:00:00 UTC,6.184485624
2022-01-10 00:00:00 UTC,5.045692447
2022-01-10 01:00:00 UTC,5.531580714
2022-01-10 02:00:00 UTC,6.177849038
2022-01-10 03:00:00 UTC,5.816829228
2022-01-10 04:00:00 UTC,6.338787825
2022-01-10 05:00:00 UTC,5.430059053
2022-01-10 06:00:00 UTC,5.362696356
2022-01-10 07:00:00 UTC,5.587753785
2022-01-10 08:00:00 UTC,5.222193287
2022-01-10 09:00:00 UTC,5.744579256
2022-01-10 10:00:00 UTC,5.605884063
2022-01-10 11:00:00 UTC,6.220978999
2022-01-10 12:00:00 UTC,5.565711757
2022-01-10 13:00:00 UTC,6.514841707
2022-01-10 14:00:00 UTC,5.600101229
2022-01-10 15:00:00 UTC,5.786849183
2022-01-10 16:00:00 UTC,6.393080891
2022-01-10 17:00:00 UTC,6.295468909
2022-01-10 18:00:00 UTC,6.024711955
2022-01-10 19:00:00 UTC,6.504879441
2022-01-10 20:00:00 UTC,5.577177221
2022-01-10 21:00:00 UTC,5.938593889
2022-01-10 22:00:00 UTC,6.369808215
2022-01-10 23:00:00 UTC,5.280799958
2022-01-11 00:00:00 UTC,6.473890292
2022-01-11 01:00:00 UTC,5.605044198
2022-01-11 02:00:00 UTC,5.826474569
2022-01-11 03:00:00 UTC,6.593422049
2022-01-11 04:00:00 UTC,5.558171547
2022-01-11 05:00:00 UTC,5.969855648
2022-01-11 06:00:00 UTC,7.111294189
2022-01-11 07:00:00 UTC,5.464609373
2022-01-11 08:00:00 UTC,6.902946687
2022-01-11 09:00:00 UTC,6.918779523
2022-01-11 10:00:00 UTC,5.839465293
2022-01-11 11:00:00 UTC,6.939331966
2022-01-11 12:00:00 UTC,6.170306445
2022-01-11 13:00:00 UTC,6.770556926
2022-01-11 14:00:00 UTC,7.228185738
2022-01-11 15:00:00 UTC,6.917002602
2022-01-11 16:00:00 UTC,7.086513216
2022-01-11 17:00:00 UTC,6.682302262
2022-01-11 18:00:00 UTC,6.554165962
2022-01-11 19:00:00 UTC,6.857890139
2022-01-11 20:00:00 UTC,6.065528203
2022-01-11 21:00:00 UTC,6.611918009
2022-01-11 22:00:00 UTC,7.606555767
2022-01-11 23:00:00 UTC,7.178942072
2022-01-12 00:00:00 UTC,7.638593892
2022-01-12 01:00:00 UTC,5.963813161
2022-01-12 02:00:00 UTC,6.709067215
2022-01-12 03:00:00 UTC,6.644159735
2022-01-12 04:00:00 UTC,6.696940244
2022-01-12 05:00:00 UTC,7.04733722
2022-01-12 06:00:00 UTC,6.723045794
2022-01-12 07:00:00 UTC,6.699228574
2022-01-12 08:00:00 UTC,6.682331832
2022-01-12 09:00:00 UTC,7.778318515
2022-01-12 10:00:00 UTC,6.956855034
2022-01-12 11:00:00 UTC,7.121527257
2022-01-12 12:00:00 UTC,6.201881654
2022-01-12 13:00:00 UTC,7.885194012
2022-01-12 14:00:00 UTC,6.26088458
2022-01-12 15:00:00 UTC,7.324176073
2022-01-12 16:00:00 UTC,6.847137757
2022-01-12 17:00:00 UTC,6.829981805
2022-01-12 18:00:00 UTC,7.449580513
2022-01-12 19:00:00 UTC,6.476453463
2022-01-12 20:00:00 UTC,7.999909103
2022-01-12 21:00:00 UTC,8.081467751
2022-01-12 22:00:00 UTC,7.221971965
2022-01-12 23:00:00 UTC,6.470638244
2022-01-13 00:00:00 UTC,7.580552312
2022-01-13 01:00:00 UTC,8.178479783
2022-01-13 02:00:00 UTC,7.453683048
2022-01-13 03:00:00 UTC,7.453757512
2022-01-13 04:00:00 UTC,7.113758154
2022-01-13 05:00:00 UTC,7.194835485
2022-01-13 06:00:00 UTC,7.041942593
2022-01-13 07:00:00 UTC,7.969189097
2022-01-13 08:00:00 UTC,8.103941645
2022-01-13 09:00:00 UTC,8.335905281
2022-01-13 10:00:00 UTC,8.083794759
2022-01-13 11:00:00 UTC,7.113808942
2022-01-13 12:00:00 UTC,7.012599355
2022-01-13 13:00:00 UTC,7.780456894
2022-01-13 14:00:00 UTC,7.181077316
2022-01-13 15:00:00 UTC,7.295048508
2022-01-13 16:00:00 UTC,7.836837233
2022-01-13 17:00:00 UTC,7.471586281
2022-01-13 18:00:00 UTC,8.515358446
2022-01-13 19:00:00 UTC,7.267210293
2022-01-13 20:00:00 UTC,8.117176256
2022-01-13 21:00:00 UTC,7.919683339
2022-01-13 22:00:00 UTC,7.829009899
2022-01-13 23:00:00 UTC,8.091366451
2022-01-14 00:00:00 UTC,7.437696358
2022-01-14 01:00:00 UTC,8.080982786
2022-01-14 02:00:00 UTC,8.013349485
2022-01-14 03:00:00 UTC,8.115231227
2022-01-14 04:00:00 UTC,8.958440803
2022-01-14 05:00:00 UTC,8.395296846
2022-01-14 06:00:00 UTC,8.732961426
2022-01-14 07:00:00 UTC,8.656806124
2022-01-14 08:00:00 UTC,7.972174415
2022-01-14 09:00:00 UTC,8.356275962
2022-01-14 10:00:00 UTC,8.283894736
2022-01-14 11:00:00 UTC,7.447273023
2022-01-14 12:00:00 UTC,8.108101045
2022-01-14 13:00:00 UTC,7.895560627
2022-01-14 14:00:00 UTC,8.635041367
2022-01-14 15:00:00 UTC,8.874512105
2022-01-14 16:00:00 UTC,9.035652304
2022-01-14 17:00:00 UTC,8.650609316
2022-01-14 18:00:00 UTC,7.816199703
2022-01-14 19:00:00 UTC,9.376835179
2022-01-14 20:00:00 UTC,7.933371193
2022-01-14 21:00:00 UTC,8.217672758
2022-01-14 22:00:00 UTC,8.969640618
2022-01-14 23:00:00 UTC,8.162137665
2022-01-15 00:00:00 UTC,9.13310506
2022-01-15 01:00:00 UTC,8.155519268
2022-01-15 02:00:00 UTC,8.950433447
2022-01-15 03:00:00 UTC,9.131471396
2022-01-15 04:00:00 UTC,7.994652481
2022-01-15 05:00:00 UTC,9.00409667
2022-01-15 06:00:00 UTC,8.976630996
2022-01-15 07:00:00 UTC,8.895037607
2022-01-15 08:00:00 UTC,8.864856872
2022-01-15 09:00:00 UTC,8.028901355
2022-01-15 10:00:00 UTC,8.738699577
2022-01-15 11:00:00 UTC,8.117022435
2022-01-15 12:00:00 UTC,8.666324898
2022-01-15 13:00:00 UTC,9.126552106
2022-01-15 14:00:00 UTC,9.003198462
2022-01-15 15:00:00 UTC,9.432968946
2022-01-15 16:00:00 UTC,8.322269956
2022-01-15 17:00:00 UTC,8.392740655
2022-01-15 18:00:00 UTC,8.839874048
2022-01-15 19:00:00 UTC,8.56329354
2022-01-15 20:00:00 UTC,9.37341135
2022-01-15 21:00:00 UTC,8.340174142
2022-01-15 22:00:00 UTC,9.901376078
2022-01-15 23:00:00 UTC,9.735336323
2022-01-16 00:00:00 UTC,9.466204645
2022-01-16 01:00:00 UTC,9.100418352
2022-01-16 02:00:00 UTC,9.966805137
2022-01-16 03:00:00 UTC,8.830683227
2022-01-16 04:00:00 UTC,8.721345079
2022-01-16 05:00:00 UTC,9.145243184
2022-01-16 06:00:00 UTC,8.749758896
2022-01-16 07:00:00 UTC,9.733964422
2022-01-16 08:00:00 UTC,10.06413215
2022-01-16 09:00:00 UTC,9.371313201
2022-01-16 10:00:00 UTC,9.306620154
2022-01-16 11:00:00 UTC,10.09948705
2022-01-16 12:00:00 UTC,9.37731007
2022-01-16 13:00:00 UTC,9.157237325
2022-01-16 14:00:00 UTC,8.781161563
2022-01-16 15:00:00 UTC,9.407372942
2022-01-16 16:00:00 UTC,9.091689632
2022-01-16 17:00:00 UTC,9.533142933
2022-01-16 18:00:00 UTC,10.47664933
2022-01-16 19:00:00 UTC,9.77376049
2022-01-16 20:00:00 UTC,10.53135551
2022-01-16 21:00:00 UTC,10.24186463
2022-01-16 22:00:00 UTC,10.29509293
2022-01-16 23:00:00 UTC,10.57658246
2022-01-17 00:00:00 UTC,10.68419785
2022-01-17 01:00:00 UTC,9.993137939
2022-01-17 02:00:00 UTC,10.48860958
2022-01-17 03:00:00 UTC,10.51946317
2022-01-17 04:00:00 UTC,10.4350483
2022-01-17 05:00:00 UTC,9.460636001
2022-01-17 06:00:00 UTC,10.76003499
2022-01-17 07:00:00 UTC,9.593788687
2022-01-17 08:00:00 UTC,10.25578662
2022-01-17 09:00:00 UTC,10.38471741
2022-01-17 10:00:00 UTC,10.04894002
2022-01-17 11:00:00 UTC,9.85012608
2022-01-17 12:00:00 UTC,10.9106064
2022-01-17 13:00:00 UTC,9.636777136
2022-01-17 14:00:00 UTC,10.93476651
2022-01-17 15:00:00 UTC,9.57732909
2022-01-17 16:00:00 UTC,9.679865814
2022-01-17 17:00:00 UTC,11.31129842
2022-01-17 18:00:00 UTC,9.670851624
2022-01-17 19:00:00 UTC,10.54671527
2022-01-17 20:00:00 UTC,10.48490947
2022-01-17 21:00:00 UTC,9.67259102
2022-01-17 22:00:00 UTC,10.94537966
2022-01-17 23:00:00 UTC,11.11868779
2022-01-18 00:00:00 UTC,9.871967234
2022-01-18 01:00:00 UTC,11.43043123
2022-01-18 02:00:00 UTC,10.05187447
2022-01-18 03:00:00 UTC,11.28593602
2022-01-18 04:00:00 UTC,10.23396453
2022-01-18 05:00:00 UTC,10.22028252
2022-01-18 06:00:00 UTC,10.82479496
2022-01-18 07:00:00 UTC,11.23812312
2022-01-18 08:00:00 UTC,11.02786882
2022-01-18 09:00:00 UTC,11.71748911
2022-01-18 10:00:00 UTC,10.72475137
2022-01-18 11:00:00 UTC,11.66831291
2022-01-18 12:00:00 UTC,10.74248485
2022-01-18 13:00:00 UTC,11.58052109
2022-01-18 14:00:00 UTC,10.78459317
2022-01-18 15:00:00 UTC,10.41070354
2022-01-18 16:00:00 UTC,10.61279767
2022-01-18 17:00:00 UTC,11.19472839
2022-01-18 18:00:00 UTC,10.58278245
2022-01-18 19:00:00 UTC,11.36765619
2022-01-18 20:00:00 UTC,12.03218276
2022-01-18 21:00:00 UTC,11.35733473
2022-01-18 22:00:00 UTC,11.99653345
2022-01-18 23:00:00 UTC,10.82726344
2022-01-19 00:00:00 UTC,10.99914666
2022-01-19 01:00:00 UTC,11.14565481
2022-01-19 02:00:00 UTC,10.90945271
2022-01-19 03:00:00 UTC,10.68572397
2022-01-19 04:00:00 UTC,10.65891299
2022-01-19 05:00:00 UTC,11.84419859
2022-01-19 06:00:00 UTC,11.3555881
2022-01-19 07:00:00 UTC,11.80729192
2022-01-19 08:00:00 UTC,12.24387267
2022-01-19 09:00:00 UTC,12.30517998
2022-01-19 10:00:00 UTC,12.08845118
2022-01-19 11:00:00 UTC,10.83814423
2022-01-19 12:00:00 UTC,10.94444591
2022-01-19 13:00:00 UTC,11.17973666
2022-01-19 14:00:00 UTC,11.79050272
2022-01-19 15:00:00 UTC,12.36770228
2022-01-19 16:00:00 UTC,11.1096112
2022-01-19 17:00:00 UTC,11.07773448
2022-01-19 18:00:00 UTC,11.5936435
2022-01-19 19:00:00 UTC,12.37386366
2022-01-19 20:00:00 UTC,11.0632153
2022-01-19 21:00:00 UTC,11.33051755
2022-01-19 22:00:00 UTC,11.93632612
2022-01-19 23:00:00 UTC,11.83951872
2022-01-20 00:00:00 UTC,12.7258933
2022-01-20 01:00:00 UTC,12.88680951
2022-01-20 02:00:00 UTC,12.18881536
2022-01-20 03:00:00 UTC,12.02175463
2022-01-20 04:00:00 UTC,11.6832395
2022-01-20 05:00:00 UTC,11.98742313
2022-01-20 06:00:00 UTC,11.8100478
2022-01-20 07:00:00 UTC,12.0958716
2022-01-20 08:00:00 UTC,12.16872072
2022-01-20 09:00:00 UTC,11.75566221
2022-01-20 10:00:00 UTC,11.96042372
2022-01-20 11:00:00 UTC,12.10521181
2022-01-20 12:00:00 UTC,12.59238488
2022-01-20 13:00:00 UTC,12.58901915
2022-01-20 14:00:00 UTC,13.13344784
2022-01-20 15:00:00 UTC,12.01112774
2022-01-20 16:00:00 UTC,12.861831
2022-01-20 17:00:00 UTC,12.02570549
2022-01-20 18:00:00 UTC,12.52356409
2022-01-20 19:00:00 UTC,12.38644899
2022-01-20 20:00:00 UTC,12.594208
2022-01-20 21:00:00 UTC,12.69645015
2022-01-20 22:00:00 UTC,12.01776294
2022-01-20 23:00:00 UTC,13.59046447
2022-01-21 00:00:00 UTC,12.34764194
2022-01-21 01:00:00 UTC,13.60372782
2022-01-21 02:00:00 UTC,13.41698684
2022-01-21 03:00:00 UTC,12.02907476
2022-01-21 04:00:00 UTC,13.01607315
2022-01-21 05:00:00 UTC,13.18017689
2022-01-21 06:00:00 UTC,13.71321496
2022-01-21 07:00:00 UTC,13.54234944
2022-01-21 08:00:00 UTC,12.9180795
2022-01-21 09:00:00 UTC,13.5634246
2022-01-21 10:00:00 UTC,12.40102155
2022-01-21 11:00:00 UTC,13.60328593
2022-01-21 12:00:00 UTC,13.30855961
2022-01-21 13:00:00 UTC,12.30900849
2022-01-21 14:00:00 UTC,12.66922838
2022-01-21 15:00:00 UTC,12.82932948
2022-01-21 16:00:00 UTC,12.88392835
2022-01-21 17:00:00 UTC,12.97302131
2022-01-21 18:00:00 UTC,14.16488949
2022-01-21 19:00:00 UTC,13.73925615
2022-01-21 20:00:00 UTC,13.1361237
2022-01-21 21:00:00 UTC,12.8074331
2022-01-21 22:00:00 UTC,13.71424501
2022-01-21 23:00:00 UTC,14.09777041
2022-01-22 00:00:00 UTC,12.62392941
2022-01-22 01:00:00 UTC,13.42422332
2022-01-22 02:00:00 UTC,12.77980707
2022-01-22 03:00:00 UTC,13.67207128
2022-01-22 04:00:00 UTC,13.05595275
2022-01-22 05:00:00 UTC,13.47706379
2022-01-22 06:00:00 UTC,12.8746021
2022-01-22 07:00:00 UTC,14.49199769
2022-01-22 08:00:00 UTC,12.88957092
2022-01-22 09:00:00 UTC,13.36431813
2022-01-22 10:00:00 UTC,13.30489987
2022-01-22 11:00:00 UTC,13.66104596
2022-01-22 12:00:00 UTC,13.75627298
2022-01-22 13:00:00 UTC,13.35144101
2022-01-22 14:00:00 UTC,14.74114431
2022-01-22 15:00:00 UTC,13.93023754
2022-01-22 16:00:00 UTC,14.66835291
2022-01-22 17:00:00 UTC,13.52485375
2022-01-22 18:00:00 UTC,14.21773553
2022-01-22 19:00:00 UTC,13.34933915
2022-01-22 20:00:00 UTC,14.96079965
2022-01-22 21:00:00 UTC,14.41418279
2022-01-22 22:00:00 UTC,13.74894215
2022-01-22 23:00:00 UTC,13.80211426
2022-01-23 00:00:00 UTC,14.1784959
2022-01-23 01:00:00 UTC,14.13965154
2022-01-23 02:00:00 UTC,13.61759451
2022-01-23 03:00:00 UTC,14.5550971
2022-01-23 04:00:00 UTC,14.85661856
2022-01-23 05:00:00 UTC,14.92019048
2022-01-23 06:00:00 UTC,14.25910397
2022-01-23 07:00:00 UTC,13.92575702
2022-01-23 08:00:00 UTC,13.94387857
2022-01-23 09:00:00 UTC,14.66935943
2022-01-23 10:00:00 UTC,14.47740562
2022-01-23 11:00:00 UTC,15.14313969
2022-01-23 12:00:00 UTC,14.207265
2022-01-23 13:00:00 UTC,14.00461021
2022-01-23 14:00:00 UTC,15.52759193
2022-01-23 15:00:00 UTC,14.50463519
2022-01-23 16:00:00 UTC,14.40395206
2022-01-23 17:00:00 UTC,14.8528394
2022-01-23 18:00:00 UTC,15.43092395
2022-01-23 19:00:00 UTC,14.86853547
2022-01-23 20:00:00 UTC,14.57706985
2022-01-23 21:00:00 UTC,15.1506406
2022-01-23 22:00:00 UTC,14.29806346
2022-01-23 23:00:00 UTC,14.98660403
2022-01-24 00:00:00 UTC,15.26781181
2022-01-24 01:00:00 UTC,15.61620189
2022-01-24 02:00:00 UTC,14.65391482
2022-01-24 03:00:00 UTC,14.47453105
2022-01-24 04:00:00 UTC,14.97391283
2022-01-24 05:00:00 UTC,14.67748902
2022-01-24 06:00:00 UTC,15.68727177
2022-01-24 07:00:00 UTC,15.19930374
2022-01-24 08:00:00 UTC,15.37016727
2022-01-24 09:00:00 UTC,15.75540483
2022-01-24 10:00:00 UTC,15.27807488
2022-01-24 11:00:00 UTC,14.78978019
2022-01-24 12:00:00 UTC,15.30129811
2022-01-24 13:00:00 UTC,15.73302333
2022-01-24 14:00:00 UTC,16.22398647
2022-01-24 15:00:00 UTC,14.62884986
2022-01-24 16:00:00 UTC,14.69372775
2022-01-24 17:00:00 UTC,15.70778836
2022-01-24 18:00:00 UTC,16.28476807
2022-01-24 19:00:00 UTC,14.95824345
2022-01-24 20:00:00 UTC,14.75965035
2022-01-24 21:00:00 UTC,16.25495281
2022-01-24 22:00:00 UTC,15.4239918
2022-01-24 23:00:00 UTC,16.20247846
2022-01-25 00:00:00 UTC,15.65175035
2022-01-25 01:00:00 UTC,14.98527158
2022-01-25 02:00:00 UTC,15.69123747
2022-01-25 03:00:00 UTC,15.00348212
2022-01-25 04:00:00 UTC,16.69858861
2022-01-25 05:00:00 UTC,16.67395098
2022-01-25 06:00:00 UTC,16.48105168
2022-01-25 07:00:00 UTC,16.30995249
2022-01-25 08:00:00 UTC,15.82705058
2022-01-25 09:00:00 UTC,15.43766256
2022-01-25 10:00:00 UTC,15.23244691
2022-01-25 11:00:00 UTC,16.83740744
2022-01-25 12:00:00 UTC,15.91753815
2022-01-25 13:00:00 UTC,16.71366698
2022-01-25 14:00:00 UTC,16.70802055
2022-01-25 15:00:00 UTC,15.85162183
2022-01-25 16:00:00 UTC,15.71373014
2022-01-25 17:00:00 UTC,16.4645566
2022-01-25 18:00:00 UTC,15.92150634
2022-01-25 19:00:00 UTC,16.51718777
2022-01-25 20:00:00 UTC,16.29207789
2022-01-25 21:00:00 UTC,17.02645186
2022-01-25 22:00:00 UTC,16.43051614
2022-01-25 23:00:00 UTC,15.84823166
2022-01-26 00:00:00 UTC,15.6953148
2022-01-26 01:00:00 UTC,17.02386334
2022-01-26 02:00:00 UTC,16.90516187
2022-01-26 03:00:00 UTC,17.43428
2022-01-26 04:00:00 UTC,15.807235
2022-01-26 05:00:00 UTC,17.55019
2022-01-26 06:00:00 UTC,16.42313314
2022-01-26 07:00:00 UTC,16.43226703
2022-01-26 08:00:00 UTC,16.81134776
2022-01-26 09:00:00 UTC,17.61810427
2022-01-26 10:00:00 UTC,16.86513866
2022-01-26 11:00:00 UTC,17.66918021
2022-01-26 12:00:00 UTC,16.57260678
2022-01-26 13:00:00 UTC,16.16685932
2022-01-26 14:00:00 UTC,16.51669154
2022-01-26 15:00:00 UTC,16.64547627
2022-01-26 16:00:00 UTC,16.67405651
2022-01-26 17:00:00 UTC,16.56039156
2022-01-26 18:00:00 UTC,17.63785939
2022-01-26 19:00:00 UTC,17.00287964
2022-01-26 20:00:00 UTC,16.93440036
2022-01-26 21:00:00 UTC,17.73049246
2022-01-26 22:00:00 UTC,16.67133595
2022-01-26 23:00:00 UTC,17.78012149
2022-01-27 00:00:00 UTC,17.07875154
2022-01-27 01:00:00 UTC,18.01563826
2022-01-27 02:00:00 UTC,16.75666462
2022-01-27 03:00:00 UTC,17.32440691
2022-01-27 04:00:00 UTC,16.78339136
2022-01-27 05:00:00 UTC,18.22504523
2022-01-27 06:00:00 UTC,17.91710261
2022-01-27 07:00:00 UTC,17.20349033
2022-01-27 08:00:00 UTC,17.04933925
2022-01-27 09:00:00 UTC,18.31042113
2022-01-27 10:00:00 UTC,16.84651109
2022-01-27 11:00:00 UTC,16.98420883
2022-01-27 12:00:00 UTC,17.78546268
2022-01-27 13:00:00 UTC,17.10145362
2022-01-27 14:00:00 UTC,18.05810316
2022-01-27 15:00:00 UTC,18.46327935
2022-01-27 16:00:00 UTC,17.18579021
2022-01-27 17:00:00 UTC,18.35666666
2022-01-27 18:00:00 UTC,17.40482554
2022-01-27 19:00:00 UTC,18.57725261
2022-01-27 20:00:00 UTC,18.20056289
2022-01-27 21:00:00 UTC,18.10369597
2022-01-27 22:00:00 UTC,17.62722671
2022-01-27 23:00:00 UTC,17.97275864
2022-01-28 00:00:00 UTC,18.89965313
2022-01-28 01:00:00 UTC,17.62757377
2022-01-28 02:00:00 UTC,17.64548017
2022-01-28 03:00:00 UTC,17.50666829
2022-01-28 04:00:00 UTC,18.30779248
2022-01-28 05:00:00 UTC,18.45281167
2022-01-28 06:00:00 UTC,18.46206044
2022-01-28 07:00:00 UTC,18.31421072
2022-01-28 08:00:00 UTC,18.96196204
2022-01-28 09:00:00 UTC,19.30292421
2022-01-28 10:00:00 UTC,18.45916687
2022-01-28 11:00:00 UTC,18.13937022
2022-01-28 12:00:00 UTC,19.33336238
2022-01-28 13:00:00 UTC,19.27118211
2022-01-28 14:00:00 UTC,19.43252648
2022-01-28 15:00:00 UTC,18.26145087
2022-01-28 16:00:00 UTC,19.55924819
2022-01-28 17:00:00 UTC,19.47746607
2022-01-28 18:00:00 UTC,18.40851592
2022-01-28 19:00:00 UTC,17.98728931
2022-01-28 20:00:00 UTC,19.17045402
2022-01-28 21:00:00 UTC,18.51448263
2022-01-28 22:00:00 UTC,19.58408115
2022-01-28 23:00:00 UTC,18.10965855
2022-01-29 00:00:00 UTC,19.16983667
2022-01-29 01:00:00 UTC,19.62224489
2022-01-29 02:00:00 UTC,19.23335244
2022-01-29 03:00:00 UTC,19.52463514
2022-01-29 04:00:00 UTC,19.67879339
2022-01-29 05:00:00 UTC,18.37938911
2022-01-29 06:00:00 UTC,18.5384806
2022-01-29 07:00:00 UTC,20.0200306
2022-01-29 08:00:00 UTC,19.561813
2022-01-29 09:00:00 UTC,19.13990582
2022-01-29 10:00:00 UTC,19.42693245
2022-01-29 11:00:00 UTC,19.49121736
2022-01-29 12:00:00 UTC,19.05160608
2022-01-29 13:00:00 UTC,19.29799058
2022-01-29 14:00:00 UTC,19.48793083
2022-01-29 15:00:00 UTC,20.2359969
2022-01-29 16:00:00 UTC,18.96483955
2022-01-29 17:00:00 UTC,19.79543732
2022-01-29 18:00:00 UTC,20.54375927
2022-01-29 19:00:00 UTC,19.02137205
2022-01-29 20:00:00 UTC,20.42449995
2022-01-29 21:00:00 UTC,20.19459363
2022-01-29 22:00:00 UTC,19.77933581
2022-01-29 23:00:00 UTC,20.0067322
2022-01-30 00:00:00 UTC,19.31458568
2022-01-30 01:00:00 UTC,19.11540582
2022-01-30 02:00:00 UTC,20.29568921
2022-01-30 03:00:00 UTC,19.88885508
2022-01-30 04:00:00 UTC,20.21364872
2022-01-30 05:00:00 UTC,20.43966487
2022-01-30 06:00:00 UTC,19.35394816
2022-01-30 07:00:00 UTC,19.72864808
2022-01-30 08:00:00 UTC,20.34817982
2022-01-30 09:00:00 UTC,19.79468119
2022-01-30 10:00:00 UTC,21.08413272
2022-01-30 11:00:00 UTC,20.77210709
2022-01-30 12:00:00 UTC,21.21432498
2022-01-30 13:00:00 UTC,19.95680303
2022-01-30 14:00:00 UTC,20.4589002
2022-01-30 15:00:00 UTC,20.47801078
2022-01-30 16:00:00 UTC,21.01773734
2022-01-30 17:00:00 UTC,21.09502978
2022-01-30 18:00:00 UTC,19.72324978
2022-01-30 19:00:00 UTC,19.8985126
2022-01-30 20:00:00 UTC,21.45636467
2022-01-30 21:00:00 UTC,21.48636825
2022-01-30 22:00:00 UTC,20.3668526
2022-01-30 23:00:00 UTC,20.68897978
2022-01-31 00:00:00 UTC,21.06459282
2022-01-31 01:00:00 UTC,20.83374241
2022-01-31 02:00:00 UTC,21.41607175
2022-01-31 03:00:00 UTC,21.26034006
2022-01-31 04:00:00 UTC,20.17319256
2022-01-31 05:00:00 UTC,20.69425022
2022-01-31 06:00:00 UTC,20.20303944
2022-01-31 07:00:00 UTC,21.28621658
2022-01-31 08:00:00 UTC,20.97014237
2022-01-31 09:00:00 UTC,21.07846531
2022-01-31 10:00:00 UTC,21.26259558
2022-01-31 11:00:00 UTC,21.55804068
2022-01-31 12:00:00 UTC,20.87467642
2022-01-31 13:00:00 UTC,21.15995437
2022-01-31 14:00:00 UTC,20.46388741
2022-01-31 15:00:00 UTC,20.91554792
2022-01-31 16:00:00 UTC,21.0643702
2022-01-31 17:00:00 UTC,22.25993764
2022-01-31 18:00:00 UTC,21.53982882
2022-01-31 19:00:00 UTC,22.30577635
2022-01-31 20:00:00 UTC,22.40267043
2022-01-31 21:00:00 UTC,21.32005194
2022-01-31 22:00:00 UTC,21.72175347
2022-01-31 23:00:00 UTC,22.04849626
2022-02-01 00:00:00 UTC,22.12016817
2022-02-01 01:00:00 UTC,21.28835039
2022-02-01 02:00:00 UTC,22.63641101
2022-02-01 03:00:00 UTC,21.831886
2022-02-01 04:00:00 UTC,22.65781054
2022-02-01 05:00:00 UTC,22.31155082
2022-02-01 06:00:00 UTC,21.82749047
2022-02-01 07:00:00 UTC,22.38683719
2022-02-01 08:00:00 UTC,21.91429524
2022-02-01 09:00:00 UTC,21.76931775
2022-02-01 10:00:00 UTC,22.0550329
2022-02-01 11:00:00 UTC,21.80759317
2022-02-01 12:00:00 UTC,21.64518735
2022-02-01 13:00:00 UTC,22.55651231
2022-02-01 14:00:00 UTC,21.80795617
2022-02-01 15:00:00 UTC,21.60316125
2022-02-01 16:00:00 UTC,23.04441097
2022-02-01 17:00:00 UTC,21.4758152
2022-02-01 18:00:00 UTC,22.5560443
2022-02-01 19:00:00 UTC,21.61206642
2022-02-01 20:00:00 UTC,22.06405811
2022-02-01 21:00:00 UTC,22.97922767
2022-02-01 22:00:00 UTC,22.54320546
2022-02-01 23:00:00 UTC,21.96233385
2022-02-02 00:00:00 UTC,22.28920425
2022-02-02 01:00:00 UTC,22.04734798
2022-02-02 02:00:00 UTC,23.55857965
2022-02-02 03:00:00 UTC,22.39339577
2022-02-02 04:00:00 UTC,21.97384402
2022-02-02 05:00:00 UTC,22.32085116
2022-02-02 06:00:00 UTC,23.58419057
2022-02-02 07:00:00 UTC,22.2375318
2022-02-02 08:00:00 UTC,22.50838522
2022-02-02 09:00:00 UTC,23.01367736
2022-02-02 10:00:00 UTC,23.53205015
2022-02-02 11:00:00 UTC,23.14476492
2022-02-02 12:00:00 UTC,22.48637051
2022-02-02 13:00:00 UTC,22.73356643
2022-02-02 14:00:00 UTC,23.73367124
2022-02-02 15:00:00 UTC,23.84067084
2022-02-02 16:00:00 UTC,23.11265926
2022-02-02 17:00:00 UTC,23.80482222
2022-02-02 18:00:00 UTC,23.12663143
2022-02-02 19:00:00 UTC,23.79243591
2022-02-02 20:00:00 UTC,22.74387689
2022-02-02 21:00:00 UTC,23.47410694
2022-02-02 22:00:00 UTC,23.11707267
2022-02-02 23:00:00 UTC,24.28300114
2022-02-03 00:00:00 UTC,23.67799889
2022-02-03 01:00:00 UTC,23.74351851
2022-02-03 02:00:00 UTC,22.92453373
2022-02-03 03:00:00 UTC,23.69608144
2022-02-03 04:00:00 UTC,23.99618258
2022-02-03 05:00:00 UTC,23.55721135
2022-02-03 06:00:00 UTC,23.12196637
2022-02-03 07:00:00 UTC,23.12207848
2022-02-03 08:00:00 UTC,24.21188141
2022-02-03 09:00:00 UTC,24.56403526
2022-02-03 10:00:00 UTC,24.26881737
2022-02-03 11:00:00 UTC,23.38687754
2022-02-03 12:00:00 UTC,24.24909507
2022-02-03 13:00:00 UTC,24.5811692
2022-02-03 14:00:00 UTC,23.23152048
2022-02-03 15:00:00 UTC,23.52808687
2022-02-03 16:00:00 UTC,24.28842484
2022-02-03 17:00:00 UTC,24.44765737
2022-02-03 18:00:00 UTC,23.78328713
2022-02-03 19:00:00 UTC,24.1630447
2022-02-03 20:00:00 UTC,24.54933247
2022-02-03 21:00:00 UTC,23.94862476
2022-02-03 22:00:00 UTC,23.98971763
2022-02-03 23:00:00 UTC,24.53745495
2022-02-04 00:00:00 UTC,24.9647745
2022-02-04 01:00:00 UTC,25.00546658
2022-02-04 02:00:00 UTC,24.31462983
2022-02-04 03:00:00 UTC,24.35507002
2022-02-04 04:00:00 UTC,24.60390981
2022-02-04 05:00:00 UTC,25.27136087
2022-02-04 06:00:00 UTC,25.03392957
2022-02-04 07:00:00 UTC,24.20823081
2022-02-04 08:00:00 UTC,24.24359637
2022-02-04 09:00:00 UTC,25.18874564
2022-02-04 10:00:00 UTC,25.54571009
2022-02-04 11:00:00 UTC,25.1599531
2022-02-04 12:00:00 UTC,24.67986835
2022-02-04 13:00:00 UTC,25.84980771
2022-02-04 14:00:00 UTC,25.26081301
2022-02-04 15:00:00 UTC,24.42084319
2022-02-04 16:00:00 UTC,25.68448349
2022-02-04 17:00:00 UTC,25.79299437
2022-02-04 18:00:00 UTC,25.13396095
2022-02-04 19:00:00 UTC,24.46967374
2022-02-04 20:00:00 UTC,24.5031859
2022-02-04 21:00:00 UTC,25.17480176
2022-02-04 22:00:00 UTC,24.65356937
2022-02-04 23:00:00 UTC,25.86882383
2022-02-05 00:00:00 UTC,24.86843196
2022-02-05 01:00:00 UTC,25.23604201
2022-02-05 02:00:00 UTC,24.87071808
2022-02-05 03:00:00 UTC,26.35026888
2022-02-05 04:00:00 UTC,26.01516765
2022-02-05 05:00:00 UTC,25.16572297
2022-02-05 06:00:00 UTC,26.37218902
2022-02-05 07:00:00 UTC,25.20868934
2022-02-05 08:00:00 UTC,25.58433838
2022-02-05 09:00:00 UTC,25.99303824
2022-02-05 10:00:00 UTC,25.83749829
2022-02-05 11:00:00 UTC,26.09856552
2022-02-05 12:00:00 UTC,26.3800031
2022-02-05 13:00:00 UTC,25.58566449
2022-02-05 14:00:00 UTC,25.88074487
2022-02-05 15:00:00 UTC,25.44775889
2022-02-05 16:00:00 UTC,25.95978595
2022-02-05 17:00:00 UTC,26.31699653
2022-02-05 18:00:00 UTC,26.00429289
2022-02-05 19:00:00 UTC,27.13206875
2022-02-05 20:00:00 UTC,26.54735397
2022-02-05 21:00:00 UTC,26.36377399
2022-02-05 22:00:00 UTC,25.5660357
2022-02-05 23:00:00 UTC,26.10267044
2022-02-06 00:00:00 UTC,26.07688234
2022-02-06 01:00:00 UTC,27.39830546
2022-02-06 02:00:00 UTC,26.67385689
2022-02-06 03:00:00 UTC,25.93304808
2022-02-06 04:00:00 UTC,26.96468146
2022-02-06 05:00:00 UTC,27.31165691
2022-02-06 06:00:00 UTC,26.96444742
2022-02-06 07:00:00 UTC,27.64964322
2022-02-06 08:00:00 UTC,26.76353755
2022-02-06 09:00:00 UTC,27.7580114
2022-02-06 10:00:00 UTC,27.78071013
2022-02-06 11:00:00 UTC,26.4190078
2022-02-06 12:00:00 UTC,27.27649385
2022-02-06 13:00:00 UTC,27.12955698
2022-02-06 14:00:00 UTC,27.10833194
2022-02-06 15:00:00 UTC,27.76273184
2022-02-06 16:00:00 UTC,26.64706699
2022-02-06 17:00:00 UTC,26.58232477
2022-02-06 18:00:00 UTC,26.94502857
2022-02-06 19:00:00 UTC,27.26628214
2022-02-06 20:00:00 UTC,27.30244159
2022-02-06 21:00:00 UTC,26.82632665
2022-02-06 22:00:00 UTC,26.76901048
2022-02-06 23:00:00 UTC,27.21075412
2022-02-07 00:00:00 UTC,27.71047278
2022-02-07 01:00:00 UTC,26.88092669
2022-02-07 02:00:00 UTC,27.66633719
2022-02-07 03:00:00 UTC,27.26737327
2022-02-07 04:00:00 UTC,28.42396869
2022-02-07 05:00:00 UTC,28.4221468
2022-02-07 06:00:00 UTC,27.92359174
2022-02-07 07:00:00 UTC,27.24951013
2022-02-07 08:00:00 UTC,28.53673742
2022-02-07 09:00:00 UTC,28.62151761
2022-02-07 10:00:00 UTC,27.19234732
2022-02-07 11:00:00 UTC,28.93133294
2022-02-07 12:00:00 UTC,28.67300398
2022-02-07 13:00:00 UTC,28.74180103
2022-02-07 14:00:00 UTC,28.12439866
2022-02-07 15:00:00 UTC,27.74879463
2022-02-07 16:00:00 UTC,28.7610694
2022-02-07 17:00:00 UTC,28.09874211
2022-02-07 18:00:00 UTC,27.49052486
2022-02-07 19:00:00 UTC,27.61217629
2022-02-07 20:00:00 UTC,27.59534329
2022-02-07 21:00:00 UTC,27.97261316
2022-02-07 22:00:00 UTC,28.1561861
2022-02-07 23:00:00 UTC,29.12011057
2022-02-08 00:00:00 UTC,28.58145444
2022-02-08 01:00:00 UTC,29.55431476
2022-02-08 02:00:00 UTC,28.77024676
2022-02-08 03:00:00 UTC,28.99485782
2022-02-08 04:00:00 UTC,28.44039705
2022-02-08 05:00:00 UTC,28.39078849
2022-02-08 06:00:00 UTC,29.4678081
2022-02-08 07:00:00 UTC,29.1209984
2022-02-08 08:00:00 UTC,28.32396399
2022-02-08 09:00:00 UTC,29.61859366
2022-02-08 10:00:00 UTC,29.01738644
2022-02-08 11:00:00 UTC,30.04626301
2022-02-08 12:00:00 UTC,30.00056085
2022-02-08 13:00:00 UTC,29.72737574
2022-02-08 14:00:00 UTC,29.14123795
2022-02-08 15:00:00 UTC,29.06304964
2022-02-08 16:00:00 UTC,29.55926313
2022-02-08 17:00:00 UTC,29.53016353
2022-02-08 18:00:00 UTC,29.47807516
2022-02-08 19:00:00 UTC,28.64364948
2022-02-08 20:00:00 UTC,29.87373589
2022-02-08 21:00:00 UTC,30.36371323
2022-02-08 22:00:00 UTC,29.41237169
2022-02-08 23:00:00 UTC,29.40302324
2022-02-09 00:00:00 UTC,30.16066726
2022-02-09 01:00:00 UTC,30.67157713
2022-02-09 02:00:00 UTC,29.84494102
2022-02-09 03:00:00 UTC,30.23961606
2022-02-09 04:00:00 UTC,29.26742674
2022-02-09 05:00:00 UTC,29.86447081
2022-02-09 06:00:00 UTC,30.62928965
2022-02-09 07:00:00 UTC,29.27850656
2022-02-09 08:00:00 UTC,30.39340024
2022-02-09 09:00:00 UTC,30.52494357
2022-02-09 10:00:00 UTC,29.35411912
2022-02-09 11:00:00 UTC,29.6576072
2022-02-09 12:00:00 UTC,29.97705557
2022-02-09 13:00:00 UTC,29.93897564
2022-02-09 14:00:00 UTC,29.81832498
2022-02-09 15:00:00 UTC,30.20776937
2022-02-09 16:00:00 UTC,30.81257502
2022-02-09 17:00:00 UTC,30.3804451
2022-02-09 18:00:00 UTC,31.2916122
2022-02-09 19:00:00 UTC,31.09082689
2022-02-09 20:00:00 UTC,31.49921499
2022-02-09 21:00:00 UTC,30.42845207
2022-02-09 22:00:00 UTC,30.10762947
2022-02-09 23:00:00 UTC,31.44024551
2022-02-10 00:00:00 UTC,30.51165408
2022-02-10 01:00:00 UTC,31.85938403
2022-02-10 02:00:00 UTC,31.78144343
2022-02-10 03:00:00 UTC,30.30854424
2022-02-10 04:00:00 UTC,31.45094889
2022-02-10 05:00:00 UTC,31.65122447
2022-02-10 06:00:00 UTC,31.49726339
2022-02-10 07:00:00 UTC,31.24908976
2022-02-10 08:00:00 UTC,30.51937137
2022-02-10 09:00:00 UTC,31.86085689
2022-02-10 10:00:00 UTC,31.91617606
2022-02-10 11:00:00 UTC,31.5788508
2022-02-10 12:00:00 UTC,32.27292408
2022-02-10 13:00:00 UTC,30.97377062
2022-02-10 14:00:00 UTC,32.19680555
2022-02-10 15:00:00 UTC,31.21893675
2022-02-10 16:00:00 UTC,32.54703179
2022-02-10 17:00:00 UTC,31.52554025
2022-02-10 18:00:00 UTC,31.89074505
2022-02-10 19:00:00 UTC,32.05260861
2022-02-10 20:00:00 UTC,31.42772072
2022-02-10 21:00:00 UTC,32.71462024
2022-02-10 22:00:00 UTC,31.90119526
2022-02-10 23:00:00 UTC,32.93295051
2022-02-11 00:00:00 UTC,31.99902933
2022-02-11 01:00:00 UTC,32.12978093
2022-02-11 02:00:00 UTC,33.06830877
2022-02-11 03:00:00 UTC,31.74193455
2022-02-11 04:00:00 UTC,32.8572719
2022-02-11 05:00:00 UTC,32.65385079
2022-02-11 06:00:00 UTC,32.04300444
2022-02-11 07:00:00 UTC,31.92059347
2022-02-11 08:00:00 UTC,32.60864514
2022-02-11 09:00:00 UTC,32.21179082
2022-02-11 10:00:00 UTC,32.29860193
2022-02-11 11:00:00 UTC,33.41516833
2022-02-11 12:00:00 UTC,32.64206629
2022-02-11 13:00:00 UTC,32.43520901
2022-02-11 14:00:00 UTC,32.78212744
2022-02-11 15:00:00 UTC,33.29206767
2022-02-11 16:00:00 UTC,33.53311099
2022-02-11 17:00:00 UTC,33.32673903
2022-02-11 18:00:00 UTC,33.02721091
2022-02-11 19:00:00 UTC,32.23859597
2022-02-11 20:00:00 UTC,32.87907101
2022-02-11 21:00:00 UTC,33.73815586
2022-02-11 22:00:00 UTC,33.70468049
2022-02-11 23:00:00 UTC,33.42674341
2022-02-12 00:00:00 UTC,33.86299376
2022-02-12 01:00:00 UTC,33.81725242
2022-02-12 02:00:00 UTC,33.15000217
2022-02-12 03:00:00 UTC,33.53552594
2022-02-12 04:00:00 UTC,33.12716896
2022-02-12 05:00:00 UTC,32.93867912
2022-02-12 06:00:00 UTC,34.12094831
2022-02-12 07:00:00 UTC,33.17235087
2022-02-12 08:00:00 UTC,33.79208056
2022-02-12 09:00:00 UTC,33.42356398
2022-02-12 10:00:00 UTC,34.69597867
2022-02-12 11:00:00 UTC,33.17032015
2022-02-12 12:00:00 UTC,33.7637809
2022-02-12 13:00:00 UTC,33.70310092
2022-02-12 14:00:00 UTC,34.15409977
2022-02-12 15:00:00 UTC,34.86822761
2022-02-12 16:00:00 UTC,34.06205247
2022-02-12 17:00:00 UTC,33.82712296
2022-02-12 18:00:00 UTC,34.97984121
2022-02-12 19:00:00 UTC,34.92660664
2022-02-12 20:00:00 UTC,35.17800356
2022-02-12 21:00:00 UTC,35.38785494
2022-02-12 22:00:00 UTC,34.08186245
2022-02-12 23:00:00 UTC,34.88835138
2022-02-13 00:00:00 UTC,34.63120886
2022-02-13 01:00:00 UTC,34.33770539
2022-02-13 02:00:00 UTC,34.44758195
2022-02-13 03:00:00 UTC,35.72760007
2022-02-13 04:00:00 UTC,34.01797224
2022-02-13 05:00:00 UTC,34.4469398
2022-02-13 06:00:00 UTC,34.59467136
2022-02-13 07:00:00 UTC,35.79625548
2022-02-13 08:00:00 UTC,34.52623795
2022-02-13 09:00:00 UTC,36.02070884
2022-02-13 10:00:00 UTC,35.24400332
2022-02-13 11:00:00 UTC,36.12926581
2022-02-13 12:00:00 UTC,35.38588793
2022-02-13 13:00:00 UTC,35.31409219
2022-02-13 14:00:00 UTC,36.00176708
2022-02-13 15:00:00 UTC,35.02649655
2022-02-13 16:00:00 UTC,36.3019282
2022-02-13 17:00:00 UTC,36.36318487
2022-02-13 18:00:00 UTC,34.97894551
2022-02-13 19:00:00 UTC,34.88379331
2022-02-13 20:00:00 UTC,36.29086871
2022-02-13 21:00:00 UTC,35.45414124
2022-02-13 22:00:00 UTC,35.51004516
2022-02-13 23:00:00 UTC,36.84585298
2022-02-14 00:00:00 UTC,36.77597798
2022-02-14 01:00:00 UTC,35.89025063
2022-02-14 02:00:00 UTC,36.1145001
2022-02-14 03:00:00 UTC,35.48633099
2022-02-14 04:00:00 UTC,36.07571272
2022-02-14 05:00:00 UTC,37.05566484
2022-02-14 06:00:00 UTC,35.4982114
2022-02-14 07:00:00 UTC,36.98521952
2022-02-14 08:00:00 UTC,36.33496698
2022-02-14 09:00:00 UTC,37.19775887
2022-02-14 10:00:00 UTC,37.11351099
2022-02-14 11:00:00 UTC,36.09569307
2022-02-14 12:00:00 UTC,37.46354958
2022-02-14 13:00:00 UTC,37.37586056
2022-02-14 14:00:00 UTC,36.89370848
2022-02-14 15:00:00 UTC,36.77802062
2022-02-14 16:00:00 UTC,36.95103387
2022-02-14 17:00:00 UTC,36.70083006
2022-02-14 18:00:00 UTC,37.34791254
2022-02-14 19:00:00 UTC,36.89026786
2022-02-14 20:00:00 UTC,37.55734848
2022-02-14 21:00:00 UTC,37.86605779
2022-02-14 22:00:00 UTC,37.37948885
2022-02-14 23:00:00 UTC,36.91494598
2022-02-15 00:00:00 UTC,36.71926221
2022-02-15 01:00:00 UTC,37.34614094
2022-02-15 02:00:00 UTC,38.07978678
2022-02-15 03:00:00 UTC,37.56869473
2022-02-15 04:00:00 UTC,38.61552474
2022-02-15 05:00:00 UTC,37.82188906
2022-02-15 06:00:00 UTC,38.52163604
2022-02-15 07:00:00 UTC,38.81745072
2022-02-15 08:00:00 UTC,38.15957324
2022-02-15 09:00:00 UTC,37.62879403
2022-02-15 10:00:00 UTC,37.35816217
2022-02-15 11:00:00 UTC,38.30353804
2022-02-15 12:00:00 UTC,38.17697609
2022-02-15 13:00:00 UTC,39.07000641
2022-02-15 14:00:00 UTC,38.57527691
2022-02-15 15:00:00 UTC,38.12689134
2022-02-15 16:00:00 UTC,38.32775174
2022-02-15 17:00:00 UTC,38.34173539
2022-02-15 18:00:00 UTC,38.18725869
2022-02-15 19:00:00 UTC,39.45039588
2022-02-15 20:00:00 UTC,38.04099956
2022-02-15 21:00:00 UTC,39.04944973
2022-02-15 22:00:00 UTC,38.51580743
2022-02-15 23:00:00 UTC,38.43258223
2022-02-16 00:00:00 UTC,39.35339853
2022-02-16 01:00:00 UTC,39.37631774
2022-02-16 02:00:00 UTC,39.93432195
2022-02-16 03:00:00 UTC,39.94581569
2022-02-16 04:00:00 UTC,39.64835661
2022-02-16 05:00:00 UTC,40.24479711
2022-02-16 06:00:00 UTC,38.99709265
2022-02-16 07:00:00 UTC,39.19353947
2022-02-16 08:00:00 UTC,39.60849333
2022-02-16 09:00:00 UTC,40.50143935
2022-02-16 10:00:00 UTC,38.90160165
2022-02-16 11:00:00 UTC,40.42421196
2022-02-16 12:00:00 UTC,39.96381527
2022-02-16 13:00:00 UTC,39.63254392
2022-02-16 14:00:00 UTC,40.2364066
2022-02-16 15:00:00 UTC,39.60406422
2022-02-16 16:00:00 UTC,41.03471456
2022-02-16 17:00:00 UTC,41.06090949
2022-02-16 18:00:00 UTC,41.18332002
2022-02-16 19:00:00 UTC,39.67230812
2022-02-16 20:00:00 UTC,40.25861551
2022-02-16 21:00:00 UTC,40.30521114
2022-02-16 22:00:00 UTC,41.12021715
2022-02-16 23:00:00 UTC,40.56818177
2022-02-17 00:00:00 UTC,41.07023133
2022-02-17 01:00:00 UTC,40.24590535
2022-02-17 02:00:00 UTC,41.13719707
2022-02-17 03:00:00 UTC,40.21188319
2022-02-17 04:00:00 UTC,41.62433647
2022-02-17 05:00:00 UTC,40.81843685
2022-02-17 06:00:00 UTC,42.03958908
2022-02-17 07:00:00 UTC,41.62038361
2022-02-17 08:00:00 UTC,42.17532345
2022-02-17 09:00:00 UTC,41.26913719
2022-02-17 10:00:00 UTC,41.90782148
2022-02-17 11:00:00 UTC,42.25726929
2022-02-17 12:00:00 UTC,40.95660578
2022-02-17 13:00:00 UTC,42.58630147
2022-02-17 14:00:00 UTC,41.95160874
2022-02-17 15:00:00 UTC,41.29855387
2022-02-17 16:00:00 UTC,41.58858519
2022-02-17 17:00:00 UTC,42.49280268
2022-02-17 18:00:00 UTC,42.18436266
2022-02-17 19:00:00 UTC,42.8920179
2022-02-17 20:00:00 UTC,42.14928962
2022-02-17 21:00:00 UTC,41.66038305
2022-02-17 22:00:00 UTC,42.39812619
2022-02-17 23:00:00 UTC,42.43914517
2022-02-18 00:00:00 UTC,42.33727319
2022-02-18 01:00:00 UTC,42.73679974
2022-02-18 02:00:00 UTC,43.2828927
2022-02-18 03:00:00 UTC,42.39711494
2022-02-18 04:00:00 UTC,42.27978091
2022-02-18 05:00:00 UTC,43.87691177
2022-02-18 06:00:00 UTC,43.4840688
2022-02-18 07:00:00 UTC,43.01448855
2022-02-18 08:00:00 UTC,42.34261957
2022-02-18 09:00:00 UTC,43.28028921
2022-02-18 10:00:00 UTC,42.8855909
2022-02-18 11:00:00 UTC,43.26253842
2022-02-18 12:00:00 UTC,43.24908127
2022-02-18 13:00:00 UTC,42.93798401
2022-02-18 14:00:00 UTC,43.97026725
2022-02-18 15:00:00 UTC,43.82671394
2022-02-18 16:00:00 UTC,43.0936605
2022-02-18 17:00:00 UTC,43.46523564
2022-02-18 18:00:00 UTC,43.54920297
2022-02-18 19:00:00 UTC,43.43855526
2022-02-18 20:00:00 UTC,44.71795293
2022-02-18 21:00:00 UTC,44.54529484
2022-02-18 22:00:00 UTC,44.61566505
2022-02-18 23:00:00 UTC,44.19315878
2022-02-19 00:00:00 UTC,43.77428693
2022-02-19 01:00:00 UTC,44.99469727
2022-02-19 02:00:00 UTC,45.12440457
2022-02-19 03:00:00 UTC,44.42014287
2022-02-19 04:00:00 UTC,45.57933567
2022-02-19 05:00:00 UTC,44.25528311
2022-02-19 06:00:00 UTC,45.12624483
2022-02-19 07:00:00 UTC,45.40177881
2022-02-19 08:00:00 UTC,44.71139242
2022-02-19 09:00:00 UTC,44.97509808
2022-02-19 10:00:00 UTC,45.69414851
2022-02-19 11:00:00 UTC,46.44591435
2022-02-19 12:00:00 UTC,45.02355567
2022-02-19 13:00:00 UTC,45.62016199
2022-02-19 14:00:00 UTC,46.59728899
2022-02-19 15:00:00 UTC,46.44908301
2022-02-19 16:00:00 UTC,45.68100757
2022-02-19 17:00:00 UTC,45.74194904
2022-02-19 18:00:00 UTC,45.75194854
2022-02-19 19:00:00 UTC,46.17793036
2022-02-19 20:00:00 UTC,45.97385242
2022-02-19 21:00:00 UTC,47.42080305
2022-02-19 22:00:00 UTC,46.60912203
2022-02-19 23:00:00 UTC,47.04990044
2022-02-20 00:00:00 UTC,47.76421611
2022-02-20 01:00:00 UTC,47.10331872
2022-02-20 02:00:00 UTC,47.3151239
2022-02-20 03:00:00 UTC,48.14037117
2022-02-20 04:00:00 UTC,47.15443232
2022-02-20 05:00:00 UTC,47.85475882
2022-02-20 06:00:00 UTC,47.34953305
2022-02-20 07:00:00 UTC,47.92081643
2022-02-20 08:00:00 UTC,47.38412736
2022-02-20 09:00:00 UTC,48.84310897
2022-02-20 10:00:00 UTC,48.61813648
2022-02-20 11:00:00 UTC,48.28747146
2022-02-20 12:00:00 UTC,47.57244225
2022-02-20 13:00:00 UTC,48.46012381
2022-02-20 14:00:00 UTC,48.04726348
2022-02-20 15:00:00 UTC,48.57774987
2022-02-20 16:00:00 UTC,49.48754536
2022-02-20 17:00:00 UTC,48.13839153
2022-02-20 18:00:00 UTC,48.45622551
2022-02-20 19:00:00 UTC,49.33217001
2022-02-20 20:00:00 UTC,48.49633827
2022-02-20 21:00:00 UTC,50.25859954
2022-02-20 22:00:00 UTC,49.71676371
2022-02-20 23:00:00 UTC,50.45606216
2022-02-21 00:00:00 UTC,49.6006435
2022-02-21 01:00:00 UTC,49.23923403
2022-02-21 02:00:00 UTC,49.84038793
2022-02-21 03:00:00 UTC,49.78937057
2022-02-21 04:00:00 UTC,49.97597997
2022-02-21 05:00:00 UTC,50.65606386
2022-02-21 06:00:00 UTC,51.07704222
2022-02-21 07:00:00 UTC,50.59096659
2022-02-21 08:00:00 UTC,50.93129744
2022-02-21 09:00:00 UTC,50.27095782
2022-02-21 10:00:00 UTC,51.65934282
2022-02-21 11:00:00 UTC,52.02754961
2022-02-21 12:00:00 UTC,52.08842267
2022-02-21 13:00:00 UTC,51.33850374
2022-02-21 14:00:00 UTC,51.20321645
2022-02-21 15:00:00 UTC,51.67608322
2022-02-21 16:00:00 UTC,52.26841292
2022-02-21 17:00:00 UTC,51.54919831
2022-02-21 18:00:00 UTC,51.73212699
2022-02-21 19:00:00 UTC,52.22856339
2022-02-21 20:00:00 UTC,51.82273467
2022-02-21 21:00:00 UTC,53.0459137
2022-02-21 22:00:00 UTC,53.35994092
2022-02-21 23:00:00 UTC,52.91684334
2022-02-22 00:00:00 UTC,53.93131546
2022-02-22 01:00:00 UTC,54.32090893
2022-02-22 02:00:00 UTC,53.48889264
2022-02-22 03:00:00 UTC,54.55004308
2022-02-22 04:00:00 UTC,54.45745246
2022-02-22 05:00:00 UTC,53.98478603
2022-02-22 06:00:00 UTC,54.87533118
2022-02-22 07:00:00 UTC,53.6987988
2022-02-22 08:00:00 UTC,55.36939944
2022-02-22 09:00:00 UTC,53.95760155
2022-02-22 10:00:00 UTC,55.39380765
2022-02-22 11:00:00 UTC,55.33410628
2022-02-22 12:00:00 UTC,54.75820074
2022-02-22 13:00:00 UTC,55.91780696
2022-02-22 14:00:00 UTC,55.48691675
2022-02-22 15:00:00 UTC,55.92067162
2022-02-22 16:00:00 UTC,56.88576331
2022-02-22 17:00:00 UTC,55.85268192
2022-02-22 18:00:00 UTC,56.75431324
2022-02-22 19:00:00 UTC,57.02419617
2022-02-22 20:00:00 UTC,57.60012571
2022-02-22 21:00:00 UTC,56.6218103
2022-02-22 22:00:00 UTC,57.83434257
2022-02-22 23:00:00 UTC,58.17908347
2022-02-23 00:00:00 UTC,57.68492763
2022-02-23 01:00:00 UTC,57.27516578
2022-02-23 02:00:00 UTC,59.13880341
2022-02-23 03:00:00 UTC,58.81857566
2022-02-23 04:00:00 UTC,58.69373038
2022-02-23 05:00:00 UTC,59.51083758
2022-02-23 06:00:00 UTC,59.93313951
2022-02-23 07:00:00 UTC,59.72714268
2022-02-23 08:00:00 UTC,60.71268244
2022-02-23 09:00:00 UTC,60.05481191
2022-02-23 10:00:00 UTC,61.06357018
2022-02-23 11:00:00 UTC,61.33285535
2022-02-23 12:00:00 UTC,61.00879615
2022-02-23 13:00:00 UTC,61.02157534
2022-02-23 14:00:00 UTC,60.90946188
2022-02-23 15:00:00 UTC,62.183783
2022-02-23 16:00:00 UTC,62.6583752
2022-02-23 17:00:00 UTC,63.03767867
2022-02-23 18:00:00 UTC,63.4851956
2022-02-23 19:00:00 UTC,62.81921393
2022-02-23 20:00:00 UTC,64.1511609
2022-02-23 21:00:00 UTC,64.05351378
2022-02-23 22:00:00 UTC,64.67152752
2022-02-23 23:00:00 UTC,65.08570912
2022-02-24 00:00:00 UTC,64.17519281
2022-02-24 01:00:00 UTC,65.09333606
2022-02-24 02:00:00 UTC,64.74690188
2022-02-24 03:00:00 UTC,65.90535917
2022-02-24 04:00:00 UTC,66.46568024
2022-02-24 05:00:00 UTC,66.13690536
2022-02-24 06:00:00 UTC,67.51810553
2022-02-24 07:00:00 UTC,67.36703578
2022-02-24 08:00:00 UTC,67.93248681
2022-02-24 09:00:00 UTC,67.59083005
2022-02-24 10:00:00 UTC,68.10506
2022-02-24 11:00:00 UTC,69.81918771
2022-02-24 12:00:00 UTC,70.35615814
2022-02-24 13:00:00 UTC,70.40632442
2022-02-24 14:00:00 UTC,70.66832209
2022-02-24 15:00:00 UTC,71.3579171
2022-02-24 16:00:00 UTC,70.61017175
2022-02-24 17:00:00 UTC,71.71656323
2022-02-24 18:00:00 UTC,72.41738455
2022-02-24 19:00:00 UTC,73.15452268
2022-02-24 20:00:00 UTC,74.57430774
2022-02-24 21:00:00 UTC,73.87792848
2022-02-24 22:00:00 UTC,74.87724799
2022-02-24 23:00:00 UTC,75.98154506
2022-02-25 00:00:00 UTC,75.64836342
2022-02-25 01:00:00 UTC,76.19359282
2022-02-25 02:00:00 UTC,77.66910049
2022-02-25 03:00:00 UTC,77.90468859
2022-02-25 04:00:00 UTC,78.82976469
2022-02-25 05:00:00 UTC,80.26120644
2022-02-25 06:00:00 UTC,81.35469055
2022-02-25 07:00:00 UTC,82.34425908
2022-02-25 08:00:00 UTC,83.08406504
2022-02-25 09:00:00 UTC,83.2779215
2022-02-25 10:00:00 UTC,84.06956171
2022-02-25 11:00:00 UTC,85.52081392
2022-02-25 12:00:00 UTC,86.71193275
2022-02-25 13:00:00 UTC,87.2663951
2022-02-25 14:00:00 UTC,88.6070947
2022-02-25 15:00:00 UTC,89.36540441
2022-02-25 16:00:00 UTC,91.08625265
2022-02-25 17:00:00 UTC,92.20864457
2022-02-25 18:00:00 UTC,93.45191887
2022-02-25 19:00:00 UTC,94.83633262
2022-02-25 20:00:00 UTC,95.6939564
2022-02-25 21:00:00 UTC,97.84306551
2022-02-25 22:00:00 UTC,99.87618924
2022-02-25 23:00:00 UTC,101.1233841
2022-02-26 00:00:00 UTC,103.9684098
2022-02-26 01:00:00 UTC,105.0309052
2022-02-26 02:00:00 UTC,107.4817624
2022-02-26 03:00:00 UTC,109.2768985
2022-02-26 04:00:00 UTC,111.860419
2022-02-26 05:00:00 UTC,113.9212919
2022-02-26 06:00:00 UTC,116.6353756
2022-02-26 07:00:00 UTC,119.087934
2022-02-26 08:00:00 UTC,122.4137088
2022-02-26 09:00:00 UTC,127.0220425
2022-02-26 10:00:00 UTC,130.3648957
2022-02-26 11:00:00 UTC,133.6296529
2022-02-26 12:00:00 UTC,139.2299332
2022-02-26 13:00:00 UTC,144.3598778
2022-02-26 14:00:00 UTC,149.459521
2022-02-26 15:00:00 UTC,154.6506574
2022-02-26 16:00:00 UTC,161.0216553
2022-02-26 17:00:00 UTC,168.8766265
2022-02-26 18:00:00 UTC,177.9341737
2022-02-26 19:00:00 UTC,187.0175076
2022-02-26 20:00:00 UTC,198.4197145
2022-02-26 21:00:00 UTC,211.2555397
2022-02-26 22:00:00 UTC,226.7678524
2022-02-26 23:00:00 UTC,245.5593158
